symbol,desc,dt,attchmntFile,sm_name,sm_isin,an_dt,sort_date,seq_id,smIndustry,orgid,attchmntText,bflag,old_new,csvName,exchdisstime,difference,fileSize,attFileSize,hasXbrl
CENTURYPLY,Shareholders meeting,20112025165829,https://nsearchives.nseindia.com/corporate/CENTURYPLY_20112025165812_CPIL_Notice_of_Postal_Ballot.pdf,Century Plyboards (India) Limited,INE348B01021,20-Nov-2025 16:58:29,2025-11-20 16:58:29,106450998,Construction,,Century Plyboards (India) Limited has informed the Exchange regarding Notice of Postal Ballot,,,,20-Nov-2025 16:58:29,00:00:00,821.39 KB,821.39 KB,True
SANATHAN,Analysts/Institutional Investor Meet/Con. Call Updates,20112025165714,https://nsearchives.nseindia.com/corporate/SANATHAN_20112025165704_STLInvestors_Meet24112025.pdf,Sanathan Textiles Limited,INE0JPD01013,20-Nov-2025 16:57:14,2025-11-20 16:57:14,106450997,,,"Sanathan Textiles Limited has informed the Exchange about Schedule of meet of Analysts/Institutional Investors on November 24, 2025.",,,,20-Nov-2025 16:57:15,00:00:01,321.53 KB,321.53 KB,True
ENIL,General Updates,20112025165637,https://nsearchives.nseindia.com/corporate/ENIL_20112025165625_ENIL20251120litigationSIMCA.pdf,Entertainment Network (India) Limited,INE265F01028,20-Nov-2025 16:56:37,2025-11-20 16:56:37,106450996,Media & Entertainment,,Entertainment Network (India) Limited has informed the Exchange about General Updates,,,,20-Nov-2025 16:56:38,00:00:01,420.20 KB,420.20 KB,True
ALKEM,Press Release,20112025165616,https://nsearchives.nseindia.com/corporate/ALKEM_20112025165551_cover_letterwithpr_Signed.pdf,Alkem Laboratories Limited,INE540L01014,20-Nov-2025 16:56:16,2025-11-20 16:56:16,106450995,,,"Alkem Laboratories Limited has informed the Exchange regarding a press release dated November 20, 2025, titled ""Press Release   Alkem launches probiotic  DSS , the original De Simone  formulation, in India for gut health management"".",,,,20-Nov-2025 16:56:17,00:00:01,423.76 KB,423.76 KB,True
BANKINDIA,General Updates,20112025165558,https://nsearchives.nseindia.com/corporate/BANKINDIA5_20112025163617_RBIPenalty201125.pdf,Bank of India,INE084A01016,20-Nov-2025 16:55:58,2025-11-20 16:55:58,106450994,Banks,,Bank Of India has informed the Exchange about General Updates,,,,20-Nov-2025 16:55:58,00:00:00,73.54 KB,73.54 KB,True
FEDERALBNK,Analysts/Institutional Investor Meet/Con. Call Updates,20112025165453,https://nsearchives.nseindia.com/corporate/FEDERALBNK_20112025165430_SE_Intimation_Investor_Meet_201125_1_1_S.pdf,The Federal Bank  Limited,INE171A01011,20-Nov-2025 16:54:53,2025-11-20 16:54:53,106450992,Banks,,The Federal Bank  Limited has informed the Exchange about Schedule of meet,,,,20-Nov-2025 16:54:53,00:00:00,256.13 KB,256.13 KB,True
JSFB,Change in Management,20112025164849,https://nsearchives.nseindia.com/corporate/sanath_rao_janabank_com_20112025164831_Part_Time_Chairperson.pdf,Jana Small Finance Bank Limited,INE953L01027,20-Nov-2025 16:48:49,2025-11-20 16:48:49,106450988,,,Jana Small Finance Bank Limited has informed the Exchange about change in Management,,,,20-Nov-2025 16:48:51,00:00:02,1.20 MB,1.20 MB,True
AMBUJACEM,Scheme of Arrangement,20112025164833,https://nsearchives.nseindia.com/corporate/AMBUJACEM_20112025164811_ACL_Order_Merged.pdf,Ambuja Cements Limited,INE079A01024,20-Nov-2025 16:48:33,2025-11-20 16:48:33,106450987,Cement And Cement Products,,Ambuja Cements Limited has informed the Exchange about update on NCLT Order date 31st October 2025: Corrigendum to the Order dated 19th November 2025,,,,20-Nov-2025 16:48:34,00:00:01,2.26 MB,2.26 MB,True
INDIAMART,Analysts/Institutional Investor Meet/Con. Call Updates,20112025164720,https://nsearchives.nseindia.com/corporate/INDIAMART_20112025164635_InvestorMeetDisclosure20112025.pdf,Indiamart Intermesh Limited,INE933S01016,20-Nov-2025 16:47:20,2025-11-20 16:47:20,106450986,,,Indiamart Intermesh Limited has informed the Exchange about Schedule of meet,,,,20-Nov-2025 16:47:21,00:00:01,598.00 KB,598.00 KB,True
LGEINDIA,Analysts/Institutional Investor Meet/Con. Call Updates,20112025164643,https://nsearchives.nseindia.com/corporate/LGEINDIA_20112025164602_Intimation_Investor_Analyst_meet.pdf,LG Electronics India Limited,INE324D01010,20-Nov-2025 16:46:43,2025-11-20 16:46:43,106450985,,,LG Electronics India Limited has informed the Exchange about Schedule of meet,,,,20-Nov-2025 16:46:44,00:00:01,196.25 KB,196.25 KB,True
WSI,Copy of Newspaper Publication,20112025164605,https://nsearchives.nseindia.com/corporate/WSI_20112025164550_WSI_Submission_Newspaper_Copies_SD.pdf,W S Industries (I) Limited,INE100D01014,20-Nov-2025 16:46:05,2025-11-20 16:46:05,106450984,Electrical Equipment,,W S Industries (I) Limited has informed the Exchange about Copy of Newspaper Publication,,,,20-Nov-2025 16:46:05,00:00:00,7.21 MB,7.21 MB,True
JSWENERGY,General Updates,20112025164303,https://nsearchives.nseindia.com/corporate/RITESHJSWEL_20112025164231_RCRIPLResolutionplan.pdf,JSW Energy Limited,INE121E01018,20-Nov-2025 16:43:03,2025-11-20 16:43:03,106450983,Power,,JSW Energy Limited has informed the Exchange about Approval of the Company s resolution plan for Raigarh Champa Rail Infrastructure Private Limited by the Committee of Creditors,,,,20-Nov-2025 16:43:04,00:00:01,402.09 KB,402.09 KB,True
PACEDIGITK,General Updates,20112025163915,https://nsearchives.nseindia.com/corporate/PACE_20112025163902_Intimation_on_Outcome_of_Investor_Call.pdf,Pace Digitek Limited,INE0S3G01027,20-Nov-2025 16:39:15,2025-11-20 16:39:15,106450979,,,Pace Digitek Limited has informed the Exchange about General Updates,,,,20-Nov-2025 16:39:15,00:00:00,365.99 KB,365.99 KB,True
LTFOODS,Analysts/Institutional Investor Meet/Con. Call Updates,20112025163723,https://nsearchives.nseindia.com/corporate/532783_20112025163711_InvestorsCall.pdf,LT Foods Limited,INE818H01020,20-Nov-2025 16:37:23,2025-11-20 16:37:23,106450977,,,LT Foods Limited has informed the Exchange about Schedule of meet,,,,20-Nov-2025 16:37:24,00:00:01,430.90 KB,430.90 KB,True
NGLFINE,Analysts/Institutional Investor Meet/Con. Call Updates,20112025163619,https://nsearchives.nseindia.com/corporate/NGL2022_20112025163602_Concalltranscript18Nov2025.pdf,NGL Fine-Chem Limited,INE887E01022,20-Nov-2025 16:36:19,2025-11-20 16:36:19,106450976,,,NGL Fine-Chem Limited has informed the Exchange about Transcript,,,,20-Nov-2025 16:36:20,00:00:01,491.09 KB,491.09 KB,True
NATCOPHARM,Analysts/Institutional Investor Meet/Con. Call Updates,20112025163552,https://nsearchives.nseindia.com/corporate/NATCOPHARM_20112025163532_Q2EarningscallTranscript.pdf,Natco Pharma Limited,INE987B01018,20-Nov-2025 16:35:52,2025-11-20 16:35:52,106450975,Pharmaceuticals,,Natco Pharma Limited has informed the Exchange about Transcript,,,,20-Nov-2025 16:35:54,00:00:02,415.44 KB,415.44 KB,True
ROSSTECH,Credit Rating,20112025163547,https://nsearchives.nseindia.com/corporate/9886945009_20112025163518_upload.pdf,Rossell Techsys Limited,INE0OJW01016,20-Nov-2025 16:35:47,2025-11-20 16:35:47,106450974,,,Rossell Techsys Limited has informed the Exchange about Credit Rating,,,,20-Nov-2025 16:35:48,00:00:01,2.26 MB,2.26 MB,True
TITAN,Analysts/Institutional Investor Meet/Con. Call Updates,20112025163538,https://nsearchives.nseindia.com/corporate/TITAN_20112025163458_SEintimation.pdf,Titan Company Limited,INE280A01010,20-Nov-2025 16:35:38,2025-11-20 16:35:38,106450973,Gems Jewellery And Watches,,Titan Company Limited has informed the Exchange about Schedule of Analyst / Institutional Investor Meeting.,,,,20-Nov-2025 16:35:39,00:00:01,213.49 KB,213.49 KB,True
RALLIS,Analysts/Institutional Investor Meet/Con. Call Updates,20112025163341,https://nsearchives.nseindia.com/corporate/RALLIS1_20112025163303_AnalystCall_November2025_SIGNED.pdf,Rallis India Limited,INE613A01012,20-Nov-2025 16:33:41,2025-11-20 16:33:41,106450972,Pesticides And Agrochemicals,,Rallis India Limited has informed the Exchange about Schedule of meet,,,,20-Nov-2025 16:33:42,00:00:01,215.88 KB,215.88 KB,True
AETHER,Analysts/Institutional Investor Meet/Con. Call Updates,20112025163221,https://nsearchives.nseindia.com/corporate/AETHER_20112025163213_47C.pdf,Aether Industries Limited,INE0BWX01014,20-Nov-2025 16:32:21,2025-11-20 16:32:21,106450971,,,Aether Industries Limited has informed the Exchange about Outcome,,,,20-Nov-2025 16:32:22,00:00:01,261.30 KB,261.30 KB,True
CARRARO,Analysts/Institutional Investor Meet/Con. Call Updates,20112025163139,https://nsearchives.nseindia.com/corporate/CARRARO_SAJIRI_20112025161925_CILIntimationofInvestorMeetOn261125_Signed.pdf,Carraro India Limited,INE0V7W01012,20-Nov-2025 16:31:39,2025-11-20 16:31:39,106450970,,,Carraro India Limited has informed the Exchange about Schedule of meet,,,,20-Nov-2025 16:31:41,00:00:02,247.53 KB,247.53 KB,True
NIITLTD,Allotment of Securities,20112025163124,https://nsearchives.nseindia.com/corporate/RARORA_20112025163058_SEESOPAllotment20112025.pdf,NIIT Limited,INE161A01038,20-Nov-2025 16:31:24,2025-11-20 16:31:24,106450968,Computers - Software,,"NIIT Limited has informed the Exchange regarding allotment of 6655 securities pursuant to ESOP/ESPS at its meeting held on November 20, 2025",,,,20-Nov-2025 16:31:25,00:00:01,211.22 KB,211.22 KB,True
COMPINFO,Corporate Insolvency Resolution Process,20112025163038,https://nsearchives.nseindia.com/corporate/COMPINFO_20112025163010_Intimation_letter_for_outcome_of_meeting.pdf,Compuage Infocom Limited,INE070C01029,20-Nov-2025 16:30:38,2025-11-20 16:30:38,106450967,,,"Compuage Infocom Limited has informed the Exchange about the outcomes of  22nd  COC meeting was held on Saturday, 15th November 2025 at 12:00 P.M. and subsequently adjourned to Tuesday, 18th November 2025 at 04:30 P.M.",,,,20-Nov-2025 16:30:39,00:00:01,476.89 KB,476.89 KB,True
IL&FSTRANS,Updates,20112025163016,https://nsearchives.nseindia.com/corporate/jyotsnam_20112025163001_Media_Release_to_NSE_and_BSE_ITNL_signed.pdf,IL&FS Transportation Networks Limited,INE975G01012,20-Nov-2025 16:30:16,2025-11-20 16:30:16,106450966,Travel And Transport,,IL&FS Transportation Networks Limited has informed the Exchange regarding 'Media Release'.,,,,20-Nov-2025 16:30:17,00:00:01,380.74 KB,380.74 KB,True
MANAKSIA,General Updates,20112025162428,https://nsearchives.nseindia.com/corporate/MANAKSIA_20112025162410_SE_Intimation_NCLT_convened_meeting.pdf,Manaksia Limited,INE015D01022,20-Nov-2025 16:24:28,2025-11-20 16:24:28,106450963,Steel And Steel Products,,"Manaksia Limited has informed the Exchange about order of NCLT for convening meeting of equity shareholders on 10th January, 2026",,,,20-Nov-2025 16:24:29,00:00:01,875.99 KB,875.99 KB,True
IRB,Updates,20112025162408,https://nsearchives.nseindia.com/corporate/IRB_20112025161715_Astra_-_SE_Disclosure_Invitation__Sponsor__-_VM7_sd.pdf,IRB Infrastructure Developers Limited,INE821I01014,20-Nov-2025 16:24:08,2025-11-20 16:24:08,106450962,Construction,,IRB Infrastructure Developers Limited has informed the Exchange regarding 'Invitation to offer for the acquisition of VM7 Expressway Private Limited (VM7) to the IRB InvIT Fund'.,,,,20-Nov-2025 16:24:09,00:00:01,650.04 KB,650.04 KB,True
YATHARTH,Analysts/Institutional Investor Meet/Con. Call Updates,20112025162311,https://nsearchives.nseindia.com/corporate/YATHARTH_20112025162258_TS_merged.pdf,Yatharth Hospital & Trauma Care Services Limited,INE0JO301016,20-Nov-2025 16:23:11,2025-11-20 16:23:11,106450961,,,We hereby submit Earnings Call Transcript Q2 FY26.,,,,20-Nov-2025 16:23:12,00:00:01,1008.21 KB,1008.21 KB,True
VOLTAS,Analysts/Institutional Investor Meet/Con. Call Updates,20112025162133,https://nsearchives.nseindia.com/corporate/VOLTAS_RB_20112025161917_SETranscriptletter.pdf,Voltas Limited,INE226A01021,20-Nov-2025 16:21:33,2025-11-20 16:21:33,106450960,Engineering,,Voltas Limited has informed the Exchange about Transcript,,,,20-Nov-2025 16:21:34,00:00:01,1.02 MB,1.02 MB,True
PIRAMALFIN,Shareholders meeting,20112025161947,https://nsearchives.nseindia.com/corporate/Piramalcapital_20112025161932_PFL__Intimation_for_Notice_of_Postal_Ballot_s.pdf,Piramal Finance Limited,INE202B01038,20-Nov-2025 16:19:47,2025-11-20 16:19:47,106450959,,,Piramal Finance Limited (Formerly known as Piramal Capital & Housing Finance Limited) has informed the Exchange regarding Notice of Postal Ballot,,,,20-Nov-2025 16:19:48,00:00:01,659.19 KB,659.19 KB,True
HYUNDAI,General Updates,20112025161929,https://nsearchives.nseindia.com/corporate/HMILNSE_20112025161140_DisclosureforAcquisition20112025Final.pdf,Hyundai Motor India Limited,INE0V6F01027,20-Nov-2025 16:19:29,2025-11-20 16:19:29,106450958,,,Hyundai Motor India Limited has informed the Exchange about General Updates,,,,20-Nov-2025 16:19:29,00:00:00,1.01 MB,1.01 MB,True
CSBBANK,Analysts/Institutional Investor Meet/Con. Call Updates,20112025161751,https://nsearchives.nseindia.com/corporate/CSBBANK_20112025161510_IntimationofAnalystMeet20112025f.pdf,CSB Bank Limited,INE679A01013,20-Nov-2025 16:17:51,2025-11-20 16:17:51,106450956,,,CSB Bank Limited has informed the Exchange about Analysts/Institutional Investor Meet/Con. Call Updates,,,,20-Nov-2025 16:17:53,00:00:02,562.13 KB,562.13 KB,True
EIHOTEL,Analysts/Institutional Investor Meet/Con. Call Updates,20112025161726,https://nsearchives.nseindia.com/corporate/EIHOTEL01_20112025161650_EIHSTX_transcript.pdf,EIH Limited,INE230A01023,20-Nov-2025 16:17:26,2025-11-20 16:17:26,106450955,Hotels,,EIH Limited has informed the Exchange about Transcript,,,,20-Nov-2025 16:17:27,00:00:01,885.76 KB,885.76 KB,True
SPAL,Analysts/Institutional Investor Meet/Con. Call Updates,20112025161721,https://nsearchives.nseindia.com/corporate/SPAL_20112025161706_coveringletter.pdf,S. P. Apparels Limited,INE212I01016,20-Nov-2025 16:17:21,2025-11-20 16:17:21,106450954,,,S. P. Apparels Limited has informed the Exchange about Transcript,,,,20-Nov-2025 16:17:22,00:00:01,496.81 KB,496.81 KB,True
GODREJIND,General Updates,20112025161653,https://nsearchives.nseindia.com/corporate/Anupama_20112025161622_BSENSENRCOUTCOME20112025.pdf,Godrej Industries Limited,INE233A01035,20-Nov-2025 16:16:53,2025-11-20 16:16:53,106450953,Chemicals - Inorganic,,"Godrej Industries Limited has informed the Exchange regarding an update pertaining to Godrej Industries Limited   Employee Stock Grant Scheme, 2011 (ESGS 2011).",,,,20-Nov-2025 16:16:54,00:00:01,229.11 KB,229.11 KB,True
HINDOILEXP,Analysts/Institutional Investor Meet/Con. Call Updates,20112025161446,https://nsearchives.nseindia.com/corporate/HINDOILEXPCS_20112025160731_EarningsPPT_signed.pdf,Hindustan Oil Exploration Company Limited,INE345A01011,20-Nov-2025 16:14:46,2025-11-20 16:14:46,106450951,Oil Exploration/Production,,Hindustan Oil Exploration Company Limited has informed the Exchange about Presentation,,,,20-Nov-2025 16:14:47,00:00:01,2.63 MB,2.63 MB,True
GARUDA,Appointment,20112025161434,https://nsearchives.nseindia.com/corporate/GARUDACONSTRUCTION2010_20112025161428_Outcome.pdf,Garuda Construction and Engineering Limited,INE0JVO01026,20-Nov-2025 16:14:34,2025-11-20 16:14:34,106450950,,,"Garuda Construction and Engineering Limited has informed the Exchange regarding Appointment of  Mr. Shanti Lal Gaggar as Chief Operating Officer of the company w.e.f. November 20, 2025.",,,,20-Nov-2025 16:14:35,00:00:01,612.69 KB,612.69 KB,True
EIDPARRY,ESOP/ESOS/ESPS,20112025160317,https://nsearchives.nseindia.com/corporate/EIDPARRY1_20112025160039_SE_ESOPIntimationSd.pdf,EID Parry India Limited,INE126A01023,20-Nov-2025 16:03:17,2025-11-20 16:03:17,106450941,Sugar,,EID Parry India Limited has informed the Exchange regarding Allotment of 11313  Shares.,,,,20-Nov-2025 16:03:18,00:00:01,8.25 MB,8.25 MB,True
HOMEFIRST,General Updates,20112025160225,https://nsearchives.nseindia.com/corporate/HOMEFIRST_20112025160219_HomeFirstCSARating.pdf,Home First Finance Company India Limited,INE481N01025,20-Nov-2025 16:02:25,2025-11-20 16:02:25,106450940,,,Home First Finance Company India Limited has informed the Exchange about CSA score assigned by S&P Global,,,,20-Nov-2025 16:02:26,00:00:01,270.59 KB,270.59 KB,True
HUBTOWN,Analysts/Institutional Investor Meet/Con. Call Updates,20112025160221,https://nsearchives.nseindia.com/corporate/HUBTOWN_20112025160159_Covering_Letter-Transcript.pdf,Hubtown Limited,INE703H01016,20-Nov-2025 16:02:21,2025-11-20 16:02:21,106450939,Construction,,"The transcript of the  Earnings Conference Call   Q2 & H1 FY26 held on November 14, 2025 on Financial Results of the Company for the quarter and half year ended 30/09/2025",,,,20-Nov-2025 16:02:22,00:00:01,681.11 KB,681.11 KB,True
ABCAPITAL,Analysts/Institutional Investor Meet/Con. Call Updates,20112025160107,https://nsearchives.nseindia.com/corporate/ABCAPITAL_20112025155912_ABCL_Analyst_Meet_20112025_OutcomeSigned.pdf,Aditya Birla Capital Limited,INE674K01013,20-Nov-2025 16:01:07,2025-11-20 16:01:07,106450938,,,Aditya Birla Capital Limited has informed the Exchange about the Investor Meet,,,,20-Nov-2025 16:01:08,00:00:01,486.07 KB,486.07 KB,True
APTUS,Analysts/Institutional Investor Meet/Con. Call Updates,20112025155746,https://nsearchives.nseindia.com/corporate/APTUS_20112025155701_Aptus_Investor_Meeting_Intimation__sd.pdf,Aptus Value Housing Finance India Limited,INE852O01025,20-Nov-2025 15:57:46,2025-11-20 15:57:46,106450936,,,Aptus Value Housing Finance India Limited has informed the Exchange about Schedule of meet,,,,20-Nov-2025 15:57:47,00:00:01,220.37 KB,220.37 KB,True
MEDPLUS,General Updates,20112025155717,https://nsearchives.nseindia.com/corporate/MEDPLUS_20112025155655_Intimation.pdf,Medplus Health Services Limited,INE804L01022,20-Nov-2025 15:57:17,2025-11-20 15:57:17,106450934,,,"Update under Regulation 30 read with Para A Part A of Schedule III of SEBI (Listing Obligations and Disclosure Requirements) Regulations, 2015.",,,,20-Nov-2025 15:57:18,00:00:01,214.08 KB,214.08 KB,True
FEDFINA,Analysts/Institutional Investor Meet/Con. Call Updates,20112025155428,https://nsearchives.nseindia.com/corporate/FEDFINA_20112025155412_1Investorcall_20112025postmeeting_Signed.pdf,Fedbank Financial Services Limited,INE007N01010,20-Nov-2025 15:54:28,2025-11-20 15:54:28,106450932,,,Fedbank Financial Services Limited has informed the Exchange about Schedule of meet,,,,20-Nov-2025 15:54:29,00:00:01,809.19 KB,809.19 KB,True
HGINFRA,Incorporation,20112025155318,https://nsearchives.nseindia.com/corporate/HGINFRA_20112025155255_StockExchange.pdf,H.G. Infra Engineering Limited,INE926X01010,20-Nov-2025 15:53:18,2025-11-20 15:53:18,106450931,,,H.G. Infra Engineering Limited has informed the Exchange about Incorporation,,,,20-Nov-2025 15:53:19,00:00:01,533.53 KB,533.53 KB,True
DBL,Analysts/Institutional Investor Meet/Con. Call Updates,20112025154954,https://nsearchives.nseindia.com/corporate/DBL_20112025154911_Finalintimation.pdf,Dilip Buildcon Limited,INE917M01012,20-Nov-2025 15:49:54,2025-11-20 15:49:54,106450930,,,Dilip Buildcon Limited has informed the Exchange about Transcript,,,,20-Nov-2025 15:49:55,00:00:01,1.77 MB,1.77 MB,True
PAGEIND,Analysts/Institutional Investor Meet/Con. Call Updates,20112025154927,https://nsearchives.nseindia.com/corporate/PAGEIND_20112025154732_TranscriptQ2FY2025.pdf,Page Industries Limited,INE761H01022,20-Nov-2025 15:49:27,2025-11-20 15:49:27,106450929,Textile Products,,Page Industries Limited has informed the Exchange about Transcript,,,,20-Nov-2025 15:49:28,00:00:01,470.86 KB,470.86 KB,True
TEMBO,Press Release,20112025154320,https://nsearchives.nseindia.com/corporate/TEMBO_20112025154303_TemboGlobaladanisigned.pdf,Tembo Global Industries Limited,INE869Y01010,20-Nov-2025 15:43:20,2025-11-20 15:43:20,106450924,,,"Tembo Global Industries Limited has informed the Exchange regarding a press release dated November 20, 2025, titled ""Tembo Global Industries Limited has informed the Exchange regarding a press release titled ""Press Release Tembo Global Industries Limited on Bagging of Order"". "".",,,,20-Nov-2025 15:43:21,00:00:01,439.00 KB,439.00 KB,True
BURNPUR,Disclosure of material issue,20112025154156,https://nsearchives.nseindia.com/corporate/BURNPURCEMENT_20112025154142_Intimation_under_Reg_31A.pdf,Burnpur Cement Limited,INE817H01014,20-Nov-2025 15:41:56,2025-11-20 15:41:56,106450922,Cement And Cement Products,,Burnpur Cement Limited has informed regarding Disclosure of material issue,,,,20-Nov-2025 15:41:57,00:00:01,6.73 MB,6.73 MB,True
RBLBANK,Updates,20112025154104,https://nsearchives.nseindia.com/corporate/RBLBANK_20112025153733_IntimationofESOPAllotment20112025-Signed.pdf,RBL Bank Limited,INE976G01028,20-Nov-2025 15:41:04,2025-11-20 15:41:04,106450920,,,RBL Bank Limited has informed the Exchange regarding 'Allotment of Securities under ESOP'.,,,,20-Nov-2025 15:41:06,00:00:02,159.82 KB,159.82 KB,True
GNA,General Updates,20112025154021,https://nsearchives.nseindia.com/corporate/GNA_20112025154010_REPLYSOPLODR.pdf,GNA Axles Limited,INE934S01014,20-Nov-2025 15:40:21,2025-11-20 15:40:21,106450919,,,GNA Axles Limited has informed the Exchange about Board Comments on fine levied by Exchange,,,,20-Nov-2025 15:40:22,00:00:01,4.43 MB,4.43 MB,True
GESHIP,Press Release,20112025153945,https://nsearchives.nseindia.com/corporate/GESHIP_20112025153923_prtobefiled.pdf,The Great Eastern Shipping Company Limited,INE017A01032,20-Nov-2025 15:39:45,2025-11-20 15:39:45,106450918,Shipping,,"The Great Eastern Shipping Company Limited has informed the Exchange regarding a press release dated November 20, 2025, titled ""G E Shipping delivers its 2005 built Medium Range Product Tanker  Jag Pooja "".",,,,20-Nov-2025 15:39:46,00:00:01,257.92 KB,257.92 KB,True
MAXIND,Analysts/Institutional Investor Meet/Con. Call Updates,20112025153631,https://nsearchives.nseindia.com/corporate/MAXIND_20112025153611_MaxindialimitedtranscriptQ226.pdf,Max India Limited,INE0CG601016,20-Nov-2025 15:36:31,2025-11-20 15:36:31,106450917,,,Max India Limited has informed the Exchange about Transcript,,,,20-Nov-2025 15:36:32,00:00:01,464.53 KB,464.53 KB,True
JNKINDIA,Analysts/Institutional Investor Meet/Con. Call Updates,20112025153616,https://nsearchives.nseindia.com/corporate/JNKINDIA23_20112025153506_Q2FY26_call_transcript.pdf,JNK India Limited,INE0OAF01028,20-Nov-2025 15:36:16,2025-11-20 15:36:16,106450916,,,"Pursuant to regulation 30 of SEBI(LODR) Regulations, 2015, enclosed herewith transcript of Q2 and H1FY26 Earnings Call held on Friday, November 14, 2025 at 03:00 PM",,,,20-Nov-2025 15:36:17,00:00:01,453.02 KB,453.02 KB,True
ADANIENT,Copy of Newspaper Publication,20112025153232,https://nsearchives.nseindia.com/corporate/nishant_joshi_adani_com_20112025153213_StatAdintimationtoSE20112025.pdf,Adani Enterprises Limited,INE423A01024,20-Nov-2025 15:32:32,2025-11-20 15:32:32,106450914,Trading,,Adani Enterprises Limited has informed the Exchange about Copy of Newspaper Publication in respect of certain matters relating to rights issue of partly paid-up equity shares of the Company.,,,,20-Nov-2025 15:32:33,00:00:01,2.89 MB,2.89 MB,True
IL&FSTRANS,Updates,20112025152957,https://nsearchives.nseindia.com/corporate/jyotsnam_20112025152947_Intimation_for_sale_of_stake_in_CNTL_signed.pdf,IL&FS Transportation Networks Limited,INE975G01012,20-Nov-2025 15:29:57,2025-11-20 15:29:57,106450913,Travel And Transport,,"IL&FS Transportation Networks Limited has informed the Exchange regarding 'Disclosure wrt Sale / Disposal of shares held by the Company in Chenani Nashri Tunnelway Limited, a wholly owned subsidiary of the Company'.",,,,20-Nov-2025 15:29:58,00:00:01,243.42 KB,243.42 KB,True
DIVGIITTS,Analysts/Institutional Investor Meet/Con. Call Updates,20112025152400,https://nsearchives.nseindia.com/corporate/DIVGITTS_20112025152347_Divgi-TTS_Q2FY26_Earnings_Call_Transcript_FinalSubmission_signed.pdf,Divgi Torqtransfer Systems Limited,INE753U01022,20-Nov-2025 15:24:00,2025-11-20 15:24:00,106450912,,,Divgi Torqtransfer Systems Limited has informed the Exchange about Transcript,,,,20-Nov-2025 15:24:01,00:00:01,3.15 MB,3.15 MB,True
NAM-INDIA,Credit Rating- Revision,20112025152341,https://nsearchives.nseindia.com/corporate/RNLAM_20112025152321_SE_intimation.pdf,Nippon Life India Asset Management Limited,INE298J01013,20-Nov-2025 15:23:41,2025-11-20 15:23:41,106450911,,,Nippon Life India Asset Management Limited has informed the Exchange about Credit Rating- Revision,,,,20-Nov-2025 15:23:41,00:00:00,1.96 MB,1.96 MB,True
STARHEALTH,Copy of Newspaper Publication,20112025152221,https://nsearchives.nseindia.com/corporate/STARHEALTH_20112025150954_SENP20112025.pdf,Star Health and Allied Insurance Company Limited,INE575P01011,20-Nov-2025 15:22:21,2025-11-20 15:22:21,106450910,,,Star Health and Allied Insurance Company Limited has informed the Exchange about Copy of Newspaper Publication regarding Postal Ballot Notice,,,,20-Nov-2025 15:22:23,00:00:02,4.15 MB,4.15 MB,True
FAIRCHEMOR,Buyback,20112025152018,https://nsearchives.nseindia.com/corporate/FAIRCHEMOR_20112025152008_Outcome_Board_Meeting_20112025.pdf,Fairchem Organics Limited,INE0DNW01011,20-Nov-2025 15:20:18,2025-11-20 15:20:18,106450909,,,Fairchem Organics Limited has informed the Exchange about Buyback,,,,20-Nov-2025 15:20:19,00:00:01,899.35 KB,899.35 KB,True
FAIRCHEMOR,Outcome of Board Meeting,20112025151716,https://nsearchives.nseindia.com/corporate/FAIRCHEMOR_20112025151704_Outcome_Board_Meeting_20112025.pdf,Fairchem Organics Limited,INE0DNW01011,20-Nov-2025 15:17:16,2025-11-20 15:17:16,106450908,,,"Fairchem Organics Limited has informed the Exchange regarding  Board meeting held on November 20, 2025.",,,,20-Nov-2025 15:17:16,00:00:00,899.35 KB,899.35 KB,True
AXISBANK,Analysts/Institutional Investor Meet/Con. Call Updates,20112025150807,https://nsearchives.nseindia.com/corporate/Swati_20112025150707_SEIntimation20112025_signed.pdf,Axis Bank Limited,INE238A01026,20-Nov-2025 15:08:07,2025-11-20 15:08:07,106450905,Banks,,Axis Bank Limited has informed the Exchange about Presentation,,,,20-Nov-2025 15:08:07,00:00:00,168.67 KB,168.67 KB,True
KHAICHEM,General Updates,20112025150341,https://nsearchives.nseindia.com/corporate/KHAICHEM_20112025150334_Outcome.pdf,Khaitan Chemicals & Fertilizers Limited,INE745B01028,20-Nov-2025 15:03:41,2025-11-20 15:03:41,106450902,,,"Khaitan Chemicals & Fertilizers Limited has informed the Exchange about Outcome of Circular Resolution passed by Board of Directors of the Company on November 20, 2025.",,,,20-Nov-2025 15:03:43,00:00:02,528.25 KB,528.25 KB,True
ADFFOODS,Disclosure of material issue,20112025150157,https://nsearchives.nseindia.com/corporate/ADFFOODS1_20112025150059_ADFReg30GPCB_PermanentRevocation.pdf,ADF Foods Limited,INE982B01019,20-Nov-2025 15:01:57,2025-11-20 15:01:57,106450900,Food And Food Processing,,"Intimation under Regulation 30 of SEBI (LODR) Regulations, 2015.",,,,20-Nov-2025 15:01:58,00:00:01,338.81 KB,338.81 KB,True
MARALOVER,Shareholders meeting,20112025150157,https://nsearchives.nseindia.com/corporate/MARALOVER_20112025150127_Stock_Exchange_intimationPB_sd.pdf,Maral Overseas Limited,INE882A01013,20-Nov-2025 15:01:57,2025-11-20 15:01:57,106450901,Textiles - Cotton,,Maral Overseas Limited has informed the Exchange regarding Notice of Postal Ballot,,,,20-Nov-2025 15:01:57,00:00:00,720.41 KB,720.41 KB,True
SPARC,Press Release,20112025150135,https://nsearchives.nseindia.com/corporate/SPARC_20112025150119_PressReleaseForPDP716Ocuvex.pdf,Sun Pharma Advanced Research Company Limited,INE232I01014,20-Nov-2025 15:01:35,2025-11-20 15:01:35,106450899,Pharmaceuticals,,"Sun Pharma Advanced Research Company Limited has informed the Exchange regarding a press release dated November 20, 2025, titled ""SPARC announces Complete Response Letter Resubmission for PDP-716 NDA by Ocuvex"".",,,,20-Nov-2025 15:01:36,00:00:01,334.64 KB,334.64 KB,True
TCPLPACK,Analysts/Institutional Investor Meet/Con. Call Updates,20112025150004,https://nsearchives.nseindia.com/corporate/TCPLPACK_20112025145722_Transcript_Conference_Call.pdf,TCPL Packaging Limited,INE822C01015,20-Nov-2025 15:00:04,2025-11-20 15:00:04,106450898,,,TCPL Packaging Limited has informed the Exchange about Transcript,,,,20-Nov-2025 15:00:05,00:00:01,369.56 KB,369.56 KB,True
HINDZINC,Shareholders meeting,20112025145353,https://nsearchives.nseindia.com/corporate/HINDZINCNSE_20112025145321_SEIntimationpostalballot20112025.pdf,Hindustan Zinc Limited,INE267A01017,20-Nov-2025 14:53:53,2025-11-20 14:53:53,106450896,Metals,,Hindustan Zinc Limited has informed the Exchange regarding Notice of Postal Ballot,,,,20-Nov-2025 14:53:53,00:00:00,827.48 KB,827.48 KB,True
INDIAGLYCO,General Updates,20112025145245,https://nsearchives.nseindia.com/corporate/INDIAGLYCO_20112025145105_Reg_30_Disclosure_Observation_Letter-ocr.pdf,India Glycols Limited,INE560A01015,20-Nov-2025 14:52:45,2025-11-20 14:52:45,106450895,Chemicals - Organic,,India Glycols Limited has informed the Exchange about General Updates on the Scheme of Arrangement.,,,,20-Nov-2025 14:52:46,00:00:01,1.75 MB,1.75 MB,True
JINDALSAW,Analysts/Institutional Investor Meet/Con. Call Updates,20112025145107,https://nsearchives.nseindia.com/corporate/JINDALSAW_20112025145040_Investor_Call.pdf,Jindal Saw Limited,INE324A01024,20-Nov-2025 14:51:07,2025-11-20 14:51:07,106450894,Steel And Steel Products,,Jindal Saw Limited has informed the Exchange about Schedule of meet,,,,20-Nov-2025 14:51:08,00:00:01,285.98 KB,285.98 KB,True
BIRLANU,Analysts/Institutional Investor Meet/Con. Call Updates,20112025145027,https://nsearchives.nseindia.com/corporate/HIL_20112025144944_Investor_Call_Audio_Q2FY26_dated_20112025signed.pdf,BirlaNu Limited,INE557A01011,20-Nov-2025 14:50:27,2025-11-20 14:50:27,106450893,,,BirlaNu Limited has informed the Exchange about Link of Recording,,,,20-Nov-2025 14:50:28,00:00:01,266.61 KB,266.61 KB,True
BANKINDIA,General Updates,20112025144751,https://nsearchives.nseindia.com/corporate/BANKINDIA5_20112025144656_RBIPenalty.pdf,Bank of India,INE084A01016,20-Nov-2025 14:47:51,2025-11-20 14:47:51,106450891,Banks,,Bank Of India has informed the Exchange about General Updates,,,,20-Nov-2025 14:47:52,00:00:01,71.34 KB,71.34 KB,True
KDDL,Analysts/Institutional Investor Meet/Con. Call Updates,20112025144703,https://nsearchives.nseindia.com/corporate/KDDL_20112025144650_SEsEarningCallTranscript.pdf,KDDL Limited,INE291D01011,20-Nov-2025 14:47:03,2025-11-20 14:47:03,106450890,,,KDDL Limited has informed the Exchange about Transcript,,,,20-Nov-2025 14:47:04,00:00:01,541.42 KB,541.42 KB,True
ICEMAKE,Analysts/Institutional Investor Meet/Con. Call Updates,20112025144114,https://nsearchives.nseindia.com/corporate/ICEMAKE_20112025144006_NSE_Transcript.pdf,Ice Make Refrigeration Limited,INE520Y01019,20-Nov-2025 14:41:14,2025-11-20 14:41:14,106450886,,,Ice Make Refrigeration Limited has informed the Exchange about Transcript,,,,20-Nov-2025 14:41:15,00:00:01,370.74 KB,370.74 KB,True
SPECTRUM,Shareholders meeting,20112025144024,https://nsearchives.nseindia.com/corporate/SPECTRUM_20112025143945_SPECTRUM_Postal_Ballot_Notice_20112025.pdf,Spectrum Electrical Industries Limited,INE01EO01010,20-Nov-2025 14:40:24,2025-11-20 14:40:24,106450885,,,Spectrum Electrical Industries Limited has informed the Exchange regarding Notice of Postal Ballot,,,,20-Nov-2025 14:40:24,00:00:00,692.68 KB,692.68 KB,True
VARROC,General Updates,20112025144006,https://nsearchives.nseindia.com/corporate/VARROC_20112025143920_Redemption_Commercial_Papers.pdf,Varroc Engineering Limited,INE665L01035,20-Nov-2025 14:40:06,2025-11-20 14:40:06,106450884,,,Varroc Engineering Limited has informed the Exchange about General Updates-Redemption of Commercial Papers,,,,20-Nov-2025 14:40:07,00:00:01,174.07 KB,174.07 KB,True
SARDAEN,Analysts/Institutional Investor Meet/Con. Call Updates,20112025143825,https://nsearchives.nseindia.com/corporate/SARDAEN_20112025143744_SEML.pdf,Sarda Energy & Minerals Limited,INE385C01013,20-Nov-2025 14:38:25,2025-11-20 14:38:25,106450883,Steel And Steel Products,,Sarda Energy & Minerals Limited has informed the Exchange about Transcript,,,,20-Nov-2025 14:38:26,00:00:01,1.02 MB,1.02 MB,True
LLOYDSENGG,Agreements,20112025142754,https://nsearchives.nseindia.com/corporate/LSIL_20112025142741_IntimationforAgreementsigned.pdf,LLOYDS ENGINEERING WORKS LIMITED,INE093R01011,20-Nov-2025 14:27:54,2025-11-20 14:27:54,106450880,,,LLOYDS ENGINEERING WORKS LIMITED has informed the Exchange about Agreements,,,,20-Nov-2025 14:27:55,00:00:01,332.52 KB,332.52 KB,True
SCHAND,Credit Rating- Revision,20112025142113,https://nsearchives.nseindia.com/corporate/SCHAND_20112025142051_Intimationforreaffirmationofcreditrating20112025.pdf,S Chand And Company Limited,INE807K01035,20-Nov-2025 14:21:13,2025-11-20 14:21:13,106450879,,,S Chand And Company Limited has informed the Exchange about Credit Rating- Disclosure under Regulation 30 LODR - Upgradation of long term rating by ICRA Limited,,,,20-Nov-2025 14:21:14,00:00:01,157.19 KB,157.19 KB,True
AZAD,Analysts/Institutional Investor Meet/Con. Call Updates,20112025141632,https://nsearchives.nseindia.com/corporate/AZAD2356_20112025141133_Coveringlettersigned.pdf,Azad Engineering Limited,INE02IJ01035,20-Nov-2025 14:16:32,2025-11-20 14:16:32,106450876,,,"we would like to inform you that the officials of the Company will be attending the Investor Conference on 26th November 2025 at 2:00 P.M. onwards. Nature of Meeting 1x1 / Group Meeting, Organised by - J.P. Morgan, Mode of the Meeting - Virtual",,,,20-Nov-2025 14:16:33,00:00:01,376.20 KB,376.20 KB,True
GOODLUCK,General Updates,20112025141458,https://nsearchives.nseindia.com/corporate/GOODLUCK_20112025141443_Intimation.pdf,Goodluck India Limited,INE127I01024,20-Nov-2025 14:14:58,2025-11-20 14:14:58,106450875,,,"Goodluck India Limited has informed the Exchange about General Updates:- Pursuant to Regulation 30 of the SEBI (Listing Obligations and Disclosure Requirements) Regulations, 2015, we are pleased to inform you that Goodluck Defence and Aerospace Limited, a subsidiary of the Company, has received an export order valued at USD 6 million for the supply of 155mm M107 Ready-to-Fill Shells.",,,,20-Nov-2025 14:14:59,00:00:01,1.28 MB,1.28 MB,True
MUFIN,Outcome of Board Meeting,20112025140719,https://nsearchives.nseindia.com/corporate/MUFIN_20112025140712_Outcome_.pdf,Mufin Green Finance Limited,INE08KJ01020,20-Nov-2025 14:07:19,2025-11-20 14:07:19,106450871,,,"Mufin Green Finance Limited has informed the Exchange regarding  Board meeting held on November 20, 2025.",,,,20-Nov-2025 14:07:20,00:00:01,295.14 KB,295.14 KB,True
GLOBUSSPR,Outcome of Board Meeting,20112025140141,https://nsearchives.nseindia.com/corporate/GLOBUSSPR_20112025140125_Outcome_Board_Meeting_SD.pdf,Globus Spirits Limited,INE615I01010,20-Nov-2025 14:01:41,2025-11-20 14:01:41,106450870,Brew/Distilleries,,"Globus Spirits Limited has informed the Exchange regarding  Board meeting held on November 20, 2025.",,,,20-Nov-2025 14:01:42,00:00:01,239.70 KB,239.70 KB,True
GSFC,Copy of Newspaper Publication,20112025135853,https://nsearchives.nseindia.com/corporate/GSFC_20112025135843_newspaperpublication201125.pdf,Gujarat State Fertilizers & Chemicals Limited,INE026A01017,20-Nov-2025 13:58:53,2025-11-20 13:58:53,106450869,Fertilisers,,Gujarat State Fertilizers & Chemicals Limited has informed the Exchange about Copy of Newspaper Publication,,,,20-Nov-2025 13:58:54,00:00:01,2.23 MB,2.23 MB,True
VENUSPIPES,Analysts/Institutional Investor Meet/Con. Call Updates,20112025135658,https://nsearchives.nseindia.com/corporate/VENUSPIPES_20112025135647_Venus_Plant_Visit_Intimation_Nov_25.pdf,Venus Pipes & Tubes Limited,INE0JA001018,20-Nov-2025 13:56:58,2025-11-20 13:56:58,106450867,,,Venus Pipes & Tubes Limited has informed the Exchange about Schedule of meet,,,,20-Nov-2025 13:56:59,00:00:01,383.35 KB,383.35 KB,True
XTGLOBAL,Analysts/Institutional Investor Meet/Con. Call Updates,20112025135542,https://nsearchives.nseindia.com/corporate/XTGLOBAL_20112025135459_Transcipt_-_Q2_FY26_-_XTGlobal.pdf,Xtglobal Infotech Limited,INE547B01028,20-Nov-2025 13:55:42,2025-11-20 13:55:42,106450866,,,"Transcript of Q2 & H1 FY26 Earnings Conference Call held on Tuesday, November 18, 2025",,,,20-Nov-2025 13:55:42,00:00:00,1.43 MB,1.43 MB,True
PVRINOX,General Updates,20112025134545,https://nsearchives.nseindia.com/corporate/PVR_20112025134239_PVRINOXOpeningofScreens20112025.pdf,PVR INOX Limited,INE191H01014,20-Nov-2025 13:45:45,2025-11-20 13:45:45,106450863,,,"PVR INOX Limited has informed the Exchange about opening of 6-screen multiplex at Elegante Unity One Mall, Netaji Subhash Place (NSP), Pitampura, Delhi.",,,,20-Nov-2025 13:45:46,00:00:01,1.17 MB,1.17 MB,True
HEG,General Updates,20112025134512,https://nsearchives.nseindia.com/corporate/HEG_20112025134459_Stxintimation201125.pdf,HEG Limited,INE545A01016,20-Nov-2025 13:45:12,2025-11-20 13:45:12,106450862,Electrodes,,HEG Limited has informed the Exchange about Assignment of ESG Score by SES ESG Research Pvt Ltd.,,,,20-Nov-2025 13:45:14,00:00:02,3.26 MB,3.26 MB,True
MARICO,ESOP/ESOS/ESPS,20112025134506,https://nsearchives.nseindia.com/corporate/marico_20112025134338_SE_intimation_S.pdf,Marico Limited,INE196A01026,20-Nov-2025 13:45:06,2025-11-20 13:45:06,106450861,Personal Care,,"The Securities Committee of the Board of Directors of the Company vide a resolution passed on November 20, 2025, has allotted 54,074 equity shares of face value of Re. 1 each of the Company under various Schemes of ESOP 2016, to the eligible grantees, pursuant to exercise of stock options granted thereunder.",,,,20-Nov-2025 13:45:07,00:00:01,19.06 MB,19.06 MB,True
IFBAGRO,Copy of Newspaper Publication,20112025134202,https://nsearchives.nseindia.com/corporate/IFBAGRO_20112025134126_SE_UPLOAD.pdf,IFB Agro Industries Limited,INE076C01018,20-Nov-2025 13:42:02,2025-11-20 13:42:02,106450859,Brew/Distilleries,,IFB Agro Industries Limited has informed the Exchange about Copy of Newspaper Publication,,,,20-Nov-2025 13:42:03,00:00:01,281.23 KB,281.23 KB,True
GLOTTIS,Analysts/Institutional Investor Meet/Con. Call Updates,20112025134049,https://nsearchives.nseindia.com/corporate/GLOTTISLTD_20112025133748_TranscriptEarningcall17112025.pdf,Glottis Limited,INE0TQE01026,20-Nov-2025 13:40:49,2025-11-20 13:40:49,106450858,,,"Glottis Limited has informed the Exchange about Transcript of the Post-Earnings Conference Call for Investors and Analysts held on Monday, November 17, 2025, convened to discuss the Unaudited Standalone Financial Results of the Company for the Quarter and Half year ended September 30, 2025.",,,,20-Nov-2025 13:40:50,00:00:01,628.19 KB,628.19 KB,True
DYNPRO,Outcome of Board Meeting,20112025133638,https://nsearchives.nseindia.com/corporate/DYNPRO_20112025133504_Outcome.pdf,Dynemic Products Limited,INE256H01015,20-Nov-2025 13:36:38,2025-11-20 13:36:38,106450857,,,"Dynemic Products Limited has submitted to the Exchange, the financial results for the period ended September 30, 2025.",,,,20-Nov-2025 13:36:39,00:00:01,5.01 MB,5.01 MB,True
SAILIFE,Action(s) initiated or orders passed,20112025133347,https://nsearchives.nseindia.com/corporate/SAILIFE_20112025133334_LODR_Reg_30_KA_Intermediary_GST_Order_19112025_Signed.pdf,Sai Life Sciences Limited,INE570L01029,20-Nov-2025 13:33:47,2025-11-20 13:33:47,106450855,,,"Intimation for receipt of an Order dated 19th November 2025 issued by the Joint Commissioner of Commercial Taxes (Appeals), Kalaburagi u/s 107 (11) of the Karnataka Goods and Services Tax Act, 2017 and the Central Goods and Services Tax Act, 2017",,,,20-Nov-2025 13:33:49,00:00:02,254.76 KB,254.76 KB,True
INFIBEAM,Copy of Newspaper Publication,20112025132757,https://nsearchives.nseindia.com/corporate/INFIBEAM_20112025132739_IALIntimationNewspaperAdv20112025.pdf,Infibeam Avenues Limited,INE483S01012,20-Nov-2025 13:27:57,2025-11-20 13:27:57,106450853,,,Infibeam Avenues Limited has informed the Exchange about Copy of Newspaper Publication for First and Final Call Money Notice for the purpose of Rights Issue.,,,,20-Nov-2025 13:27:59,00:00:02,10.50 MB,10.50 MB,True
KROSS,Analysts/Institutional Investor Meet/Con. Call Updates,20112025132214,https://nsearchives.nseindia.com/corporate/8910457293_20112025132112_Reg_30_17112025_writentranscript.pdf,Kross Limited,INE0O6601022,20-Nov-2025 13:22:14,2025-11-20 13:22:14,106450851,,,"Kross Limited has informed the Exchange about Transcript of post earning conference call held on November 17, 2025 for the quarter and half-year ended on September 30, 2025",,,,20-Nov-2025 13:22:15,00:00:01,702.89 KB,702.89 KB,True
POWERMECH,Shareholders meeting,20112025132100,https://nsearchives.nseindia.com/corporate/POWERMECH_20112025132051_PB_Intimation_SEs.pdf,Power Mech Projects Limited,INE211R01019,20-Nov-2025 13:21:00,2025-11-20 13:21:00,106450850,,,Power Mech Projects Limited has informed the Exchange regarding Notice of Postal Ballot,,,,20-Nov-2025 13:21:00,00:00:00,883.22 KB,883.22 KB,True
ATL,Copy of Newspaper Publication,20112025132020,https://nsearchives.nseindia.com/corporate/ALLCARGOTERMINALS_20112025132006_SEupload.pdf,Allcargo Terminals Limited,INE0NN701020,20-Nov-2025 13:20:20,2025-11-20 13:20:20,106450849,,,Allcargo Terminals Limited has informed the Exchange about Copy of Newspaper Publication regarding the Pre Issue of Rights Issue of the Company,,,,20-Nov-2025 13:20:21,00:00:01,8.93 MB,8.93 MB,True
TI,Allotment of Securities,20112025132007,https://nsearchives.nseindia.com/corporate/gthakur_20112025131947_TI_Conversionofwarrants.pdf,Tilaknagar Industries Limited,INE133E01013,20-Nov-2025 13:20:07,2025-11-20 13:20:07,106450848,Brew/Distilleries,,"Tilaknagar Industries Limited has informed the Exchange regarding allotment of 37715000 securities pursuant to Preferential Issue at its meeting held on November 20, 2025",,,,20-Nov-2025 13:20:08,00:00:01,713.18 KB,713.18 KB,True
MANINDS,Press Release,20112025131921,https://nsearchives.nseindia.com/corporate/MANINDS_20112025131914_MIIL_Intimation_to_SE_Press_Release_20112025.pdf,Man Industries (India) Limited,INE993A01026,20-Nov-2025 13:19:21,2025-11-20 13:19:21,106450847,Steel And Steel Products,,"Man Industries (India) Limited has informed the Exchange regarding a press release dated November 20, 2025, titled ""Press Release / Media Release in respect of Memorandum of Understanding (MoU) between Man Industries (India) Limited and Aramco Asia India Pvt. Ltd."".",,,,20-Nov-2025 13:19:22,00:00:01,485.22 KB,485.22 KB,True
TICL,Updates,20112025131902,https://nsearchives.nseindia.com/corporate/TCLCONS_20112025131820_Declaration_by_CS_of_the_Company_wrt_Offer_for_Sale_November2025.pdf,Twamev Construction and Infrastructure Limited,INE388G01026,20-Nov-2025 13:19:02,2025-11-20 13:19:02,106450846,,,"Twamev Construction and Infrastructure Limited has informed the Exchange regarding 'Declaration by Twamev Construction and Infrastructure Limited  regarding 'Disclosure under Regulation 29(2) of SEBI (SAST) Regulations, 2011 and Regulation 7(2) of Prohibition of Insider Trading 2015 in regards to Offer for Sale executed by Mr. Ravi Todi.'.",,,,20-Nov-2025 13:19:04,00:00:02,1.12 MB,1.12 MB,True
SHALBY,Analysts/Institutional Investor Meet/Con. Call Updates,20112025131828,https://nsearchives.nseindia.com/corporate/SHALBYLTD_20112025131046_77TranscriptofEarningsCall.pdf,Shalby Limited,INE597J01018,20-Nov-2025 13:18:28,2025-11-20 13:18:28,106450845,,,Shalby Limited has informed the Exchange about Transcript,,,,20-Nov-2025 13:18:29,00:00:01,541.48 KB,541.48 KB,True
